,sum_sq,df,F,PR(>F)
C(IndexStrategy),904935.9736165142,5.0,35.28678759138671,7.984059031536156e-25
Residual,892452.2188452666,174.0,,
