,sum_sq,df,F,PR(>F)
C(IndexStrategy),535966.8761982454,5.0,14.58830281590861,6.167849474963889e-12
Residual,1278534.4208347,174.0,,
