,sum_sq,df,F,PR(>F)
C(IndexStrategy),702635.6524508457,5.0,16.891737427366333,1.352773738937406e-13
Residual,1447555.1026311333,174.0,,
