,sum_sq,df,F,PR(>F)
C(IndexStrategy),909885817.3844166,5.0,57.140254370176066,6.053198407861747e-35
Residual,554145703.3048229,174.0,,
