,sum_sq,df,F,PR(>F)
C(IndexStrategy),33379920.386347644,5.0,10.269598523661427,1.2183726540701146e-08
Residual,113112623.3190608,174.0,,
