,sum_sq,df,F,PR(>F)
C(IndexStrategy),840659.3629754323,5.0,10.678367256975923,5.797520859641176e-09
Residual,2739645.970916901,174.0,,
