,sum_sq,df,F,PR(>F)
C(IndexStrategy),104052.753919428,5.0,55.76261016954877,2.2206054882959525e-34
Residual,64936.62734556666,174.0,,
