,sum_sq,df,F,PR(>F)
C(IndexStrategy),25432280.04883743,5.0,676.6236928259593,5.557385134942895e-112
Residual,1308028.9015643334,174.0,,
