,sum_sq,df,F,PR(>F)
C(IndexStrategy),863747.9188383599,5.0,51.55581875280008,1.3302157674850728e-32
Residual,583026.8687943667,174.0,,
