,ExecutionTime_ms,RunNumber
ExecutionTime_ms,1.0,-0.008945484918499693
RunNumber,-0.008945484918499693,1.0
