,sum_sq,df,F,PR(>F)
C(IndexStrategy),106795.70426846686,5.0,68.07289281016598,3.775126539985722e-39
Residual,54595.748103533326,174.0,,
