,sum_sq,df,F,PR(>F)
C(IndexStrategy),7282.131667599988,5.0,3.294457299679992,0.007216931681106095
Residual,76922.5881474,174.0,,
