,sum_sq,df,F,PR(>F)
C(IndexStrategy),19191.061320066696,5.0,12.690394260730992,1.6145872652047807e-10
Residual,52626.334550133324,174.0,,
