,sum_sq,df,F,PR(>F)
C(IndexStrategy),31850849.025119185,5.0,1473.244383638606,2.3728093533367986e-140
Residual,752359.5938214998,174.0,,
