,sum_sq,df,F,PR(>F)
C(IndexStrategy),10906955.582597539,5.0,40.42006858557992,1.875184561457904e-27
Residual,9390435.680997465,174.0,,
