,sum_sq,df,F,PR(>F)
C(IndexStrategy),848048.5571918949,5.0,27513.610546402015,4.198673571900951e-250
Residual,1072.6360228333342,174.0,,
