,sum_sq,df,F,PR(>F)
C(IndexStrategy),84.48785044444446,5.0,71.25155464955608,2.734448152641709e-40
Residual,41.26474446666668,174.0,,
