,sum_sq,df,F,PR(>F)
C(IndexStrategy),88.99689671666691,5.0,106.73825523014725,4.026080800396538e-51
Residual,29.015763833333324,174.0,,
