,sum_sq,df,F,PR(>F)
C(IndexStrategy),11.433762111111221,5.0,14.926589408578332,3.4858476387162443e-12
Residual,26.65678746666668,174.0,,
