,sum_sq,df,F,PR(>F)
C(IndexStrategy),1377061.7296697851,5.0,52993.85392789418,7.576706666968023e-275
Residual,904.288792766667,174.0,,
