,sum_sq,df,F,PR(>F)
C(IndexStrategy),547654993.11733,5.0,1328.5866393326473,1.5269329199709627e-136
Residual,14344863.327886667,174.0,,
