,ExecutionTime_ms,RunNumber
ExecutionTime_ms,1.0,-0.0028609985453945824
RunNumber,-0.0028609985453945824,1.0
