,sum_sq,df,F,PR(>F)
C(IndexStrategy),27490698.416658565,5.0,644.2769134766557,3.173261678159008e-110
Residual,1484883.7276153332,174.0,,
