,sum_sq,df,F,PR(>F)
C(IndexStrategy),23891.81289382778,5.0,132.45061836237014,2.1345480497323108e-57
Residual,6277.321306500004,174.0,,
