,sum_sq,df,F,PR(>F)
C(IndexStrategy),7019065.803200632,5.0,44.38669077774741,2.2817931956199857e-29
Residual,5503079.541893666,174.0,,
