,sum_sq,df,F,PR(>F)
C(IndexStrategy),7827.588995911119,5.0,429.20501553235164,7.493181642227017e-96
Residual,634.661961533333,174.0,,
