,sum_sq,df,F,PR(>F)
C(IndexStrategy),1036300986.9040403,5.0,1893.2902116214889,1.2431316445731672e-149
Residual,19047937.882367533,174.0,,
