,sum_sq,df,F,PR(>F)
C(IndexStrategy),53.9965785111112,5.0,85.22785825052334,6.233832801765491e-45
Residual,22.04773146666667,174.0,,
