,sum_sq,df,F,PR(>F)
C(IndexStrategy),387595.6995818362,5.0,42.32581863227183,2.1934335929819897e-28
Residual,318678.5461289001,174.0,,
