,sum_sq,df,F,PR(>F)
C(IndexStrategy),8820298.253529798,5.0,98.2418801505053,8.519600159995976e-49
Residual,3124394.390178599,174.0,,
