,ExecutionTime_ms,RunNumber
ExecutionTime_ms,1.0,0.0013033524255064172
RunNumber,0.0013033524255064172,1.0
